Ax,Ay,Az
-0.0085771,0.10091,0.15954
-0.0086782,0.10049,0.15659
-0.0087499,0.098544,0.14527
-0.0072437,0.090075,0.11318
-0.00031184,0.065287,0.070633
0.012075,0.021318,0.085033
0.018686,-0.017313,0.20358
0.0084286,-0.024233,0.29671
-0.01347,-0.042563,0.18266
-0.038565,-0.12889,-0.017423
-0.064315,-0.17651,-0.020622
-0.075708,-0.037539,0.11051
-0.060834,0.13987,0.11724
-0.034306,0.11645,0.025514
-0.0047839,0.0072136,-0.017745
0.022244,0.013617,-0.022633
0.014602,0.061514,-0.015409
-0.02497,0.067257,0.0012619
-0.040151,0.051989,-0.017373
-0.016857,0.0026448,-0.073152
0.0095231,-0.012717,-0.11352
0.016127,0.070347,-0.10185
-0.0016825,0.13682,-0.046923
-0.024718,0.15734,0.0060865
-0.03307,0.24148,0.037601
-0.033109,0.28819,0.051923
-0.017684,0.12454,0.025963
0.0044595,-0.080406,-0.036072
-0.0065236,-0.068445,-0.075572
-0.023364,0.057193,-0.076771
-0.01177,0.071943,-0.076533
-0.022124,-0.023629,-0.065875
-0.048406,-0.15068,-0.018738
-0.016262,-0.23036,0.017639
0.044304,-0.16156,-0.0012001
0.05799,-0.038187,-0.039624
0.045162,-0.03267,-0.055341
0.04457,-0.041147,-0.030564
0.031713,0.048114,0.031064
-0.0072879,0.067071,0.080062
-0.037214,-0.07347,0.089889
-0.041124,-0.22835,0.080179
-0.042986,-0.25457,0.0455
-0.054346,-0.10984,-0.00143
-0.060103,0.052444,-0.023997
-0.051879,0.0093846,-0.035476
-0.033885,-0.14226,-0.035997
-0.012721,-0.16936,-0.0056864
-0.0034966,-0.11908,0.012172
-0.0085877,-0.10499,-0.0007533
0.0034776,-0.083348,0.0071928
0.04202,-0.034553,0.031924
0.062461,0.0013161,0.03395
0.036448,0.016738,0.029824
-0.0025103,0.018054,0.026936
-0.0016746,0.02292,0.0189
0.037834,0.046489,0.050167
0.051853,0.055163,0.12267
0.013744,0.0065823,0.14843
-0.021705,-0.071313,0.078455
-0.020021,-0.097622,-0.033004
-0.0026691,-0.04243,-0.083502
0.021008,0.038654,-0.0043912
0.036948,0.081214,0.1636
0.0093474,0.081386,0.26767
-0.032243,0.099245,0.20095
-0.020473,0.19506,0.072491
0.024557,0.33066,0.032276
0.049246,0.35204,0.020209
0.077857,0.18595,-0.03597
0.13545,0.0040421,-0.046083
0.16218,-0.016343,0.015434
0.0984,0.027235,0.079784
-0.00092973,0.042626,0.13236
-0.039093,0.1618,0.14159
-0.026753,0.37147,0.085319
-0.024401,0.40392,0.047945
-0.03109,0.17992,0.055689
-0.043513,-0.047327,0.013329
-0.065837,-0.080503,-0.083867
-0.05919,-0.023084,-0.11774
-0.020344,-0.010583,-0.064995
-0.001451,-0.015884,-0.02422
-0.0063988,-0.06033,-0.016176
0.0006184,-0.18929,0.0030681
0.007904,-0.25579,0.004991
-0.012475,-0.139,-0.019444
-0.026309,0.0081682,-0.018589
0.0019129,0.0059793,-0.0021273
0.025132,-0.070807,-0.0054143
-0.0049047,-0.093615,-0.022822
-0.047528,-0.13846,-0.045029
-0.040079,-0.24936,-0.036008
-0.0017924,-0.2477,0.034702
-0.0018621,-0.042261,0.106
-0.026119,0.16413,0.12575
0.0026348,0.15079,0.13404
0.044442,0.015708,0.13466
-0.010202,0.0087684,0.077898
-0.096489,0.11443,0.019037
-0.066698,0.13685,0.058451
0.019876,0.0044251,0.12343
0.024149,-0.20366,0.075152
-0.01767,-0.28545,-0.032347
-0.028538,-0.12362,-0.064392
-0.024112,0.074542,-0.032733
-0.013636,0.10142,-0.0062389
-0.0058457,0.042593,-0.0072077
-0.030028,0.001958,-0.038454
-0.056091,-0.024192,-0.074107
-0.031725,0.015101,-0.078186
0.020151,0.1073,-0.059179
0.040525,0.12141,-0.039946
0.028365,0.059478,-0.038749
0.022223,0.022505,-0.099293
0.021655,0.010565,-0.1987
0.0093005,0.0090114,-0.18682
-0.0030496,0.033494,-0.027865
-0.0093015,0.034899,0.087301
-0.0078594,-0.017645,0.073899
0.01909,-0.039865,0.052143
0.055865,0.020089,0.042837
0.059254,0.065964,-0.0080633
0.030318,0.028621,-0.022838
0.0038337,-0.0060984,0.039022
-0.00022214,0.062168,0.07129
0.025355,0.23072,0.034395
0.072814,0.36943,-0.01589
0.10233,0.31259,-0.057779
0.083051,0.12913,-0.07081
0.043167,0.045854,-0.054338
0.019089,0.045932,-0.073696
0.0072713,-0.011541,-0.12402
0.01256,-0.070668,-0.12444
0.04162,-0.047439,-0.074183
0.055016,0.024875,-0.011417
0.031719,0.094157,0.052866
0.013207,0.09999,0.074689
0.019493,0.04978,0.039297
0.016235,0.023035,0.01631
-0.013266,0.0025116,0.025849
-0.039582,-0.04862,0.018192
-0.034146,-0.053358,0.0066355
-0.00050277,0.003788,0.016726
0.037112,0.011068,-0.005594
0.046213,-0.044534,-0.058085
0.0085913,-0.043768,-0.055257
-0.040325,0.035421,-0.020843
-0.045524,0.078443,-0.0359
-0.017671,0.034401,-0.060039
-0.0021826,-0.023638,-0.042253
0.0036481,-0.043766,-0.023901
0.01673,-0.03442,-0.033856
0.032535,0.03919,-0.053582
0.053408,0.1706,-0.055336
0.060765,0.1772,-0.034501
0.024008,-0.0012967,-0.03154
-0.01774,-0.081699,-0.053348
-0.011791,0.054279,-0.041534
0.0050758,0.11729,0.013705
-0.014811,-0.00187,0.064246
-0.042657,-0.097876,0.10375
-0.044898,-0.094825,0.12536
-0.033356,-0.052706,0.071602
-0.013875,-0.019647,-0.025841
0.015833,-0.018003,-0.04594
0.025023,0.0081143,-0.0076141
-0.010118,0.043026,-0.017876
-0.052034,0.0010656,-0.036993
-0.049213,-0.0025944,0.0095768
-0.010369,0.14501,0.063655
0.020017,0.24456,0.054656
0.017974,0.11319,-0.0073098
-0.014658,-0.06926,-0.048499
-0.056584,-0.073548,-0.0037342
-0.068486,0.019252,0.053179
-0.032807,0.066094,0.017577
0.015016,0.0981,-0.045642
0.028321,0.10017,-0.039507
0.002244,0.025677,0.0096461
-0.044154,-0.018269,0.036966
-0.10809,0.01807,0.00029898
-0.17306,0.035163,-0.082908
-0.16867,0.0010275,-0.10927
-0.057751,-0.035284,-0.020685
0.049913,-0.040576,0.090722
0.028108,-0.020914,0.11493
-0.044821,-0.015235,0.078283
-0.026162,-0.030024,0.071448
0.034862,-0.02504,0.11212
0.034352,0.027082,0.15019
-0.0036189,0.096216,0.1327
-0.032384,0.11213,0.052803
-0.050674,0.086856,-0.032785
-0.05784,0.12982,-0.063461
-0.049083,0.24462,-0.042863
-0.031421,0.26471,-0.02901
-0.026309,0.094687,-0.050873
-0.026852,-0.087642,-0.037706
-0.0059638,-0.060687,0.088615
0.0073241,0.058834,0.23157
-0.014126,0.056456,0.20779
-0.022619,0.067171,0.037083
0.0016133,0.24031,-0.055503
0.00078185,0.33095,0.012433
-0.044721,0.13499,0.07848
-0.098516,-0.097652,0.034344
-0.1337,-0.079342,-0.040023
-0.087168,0.057043,-0.061987
0.056979,0.098716,-0.028764
0.11963,0.14167,0.024582
0.014243,0.26959,0.029394
-0.047536,0.35736,-0.024932
0.016133,0.32668,-0.05888
0.030057,0.20069,-0.046778
-0.019312,0.073652,-0.028841
-0.02371,0.038031,-0.015639
-0.022581,0.0065974,-0.0070566
-0.054778,-0.074728,-0.012745
-0.070968,-0.073496,-0.020676
-0.061832,-0.0021035,-0.0058464
-0.052651,0.0115,0.022577
-0.046678,0.0053475,0.019799
-0.019174,0.02459,-0.013343
0.034046,0.026223,-0.031225
0.05029,0.020132,-0.054943
0.007338,0.011697,-0.12009
-0.023835,-0.046634,-0.1418
-0.01997,-0.16078,-0.047455
-0.022263,-0.26155,0.052538
-0.033891,-0.22707,0.045581
-0.038908,-0.030138,0.00021513
-0.027241,0.11662,-0.0059601
0.0075458,0.039964,-0.0073883
0.027065,-0.079873,-0.029495
0.0053518,-0.047681,-0.059363
-0.0031373,0.029784,-0.074874
0.025307,-0.0095553,-0.038888
0.027519,-0.15873,0.033169
-0.012126,-0.25372,0.083373
-0.019972,-0.13697,0.091315
0.027245,0.065761,0.069089
0.054129,0.11309,0.040033
0.020007,0.047422,0.0071472
-0.023138,0.033741,-0.027884
-0.036476,0.10196,-0.02269
-0.032731,0.22741,0.0065073
-0.015961,0.29654,-0.0052632
0.010606,0.16576,-0.023686
0.031531,-0.029448,0.0012138
0.047972,-0.056947,0.026266
0.046538,-0.0030374,0.017007
0.0037113,-0.043492,-0.010973
-0.03605,-0.12777,-0.056269
-0.024318,-0.18278,-0.11082
-0.0027186,-0.17054,-0.11141
-0.0048926,-0.020609,-0.016978
-0.0048533,0.13124,0.089893
-0.0053687,0.10532,0.098883
-0.019823,0.030087,0.025122
-0.024626,0.015581,-0.018075
-0.019942,-0.060563,0.0037059
-0.023009,-0.18275,-0.002973
-0.0089457,-0.20227,-0.062481
0.024785,-0.11007,-0.059058
0.025382,-0.0031023,0.012541
-0.0071546,0.02816,0.01079
-0.013568,0.00090039,-0.055655
0.0076212,0.018299,-0.04404
0.0037295,0.13372,0.040696
-0.034537,0.35843,0.077753
-0.064435,0.55644,0.027501
-0.061428,0.45515,-0.057468
-0.0403,0.12186,-0.11002
-0.012257,-0.051157,-0.10041
0.013753,0.015352,-0.047919
0.0098217,0.073524,0.0068357
-0.015315,0.028796,0.032888
-0.010292,-0.065304,0.024157
0.012501,-0.1801,-0.010307
-0.0047855,-0.18717,-0.034386
-0.03184,0.0030676,0.005201
-0.0076793,0.15555,0.077258
0.025696,0.081437,0.092008
0.015723,-0.0085278,0.067087
0.003843,0.030586,0.07666
0.022861,0.025067,0.092197
0.042691,-0.061393,0.062391
0.053872,-0.04096,0.030025
0.065912,0.094301,0.034192
0.06112,0.16512,0.01408
0.034968,0.11026,-0.084666
0.010916,0.027989,-0.18954
-0.001453,-0.011449,-0.19093
-0.0037436,-0.050848,-0.11069
0.0044952,-0.15111,-0.057972
0.015,-0.31327,-0.05592
0.015167,-0.43827,-0.039371
0.0029022,-0.34045,0.005919
-0.0081849,-0.037278,0.033333
-0.0069749,0.14036,0.05602
-0.0059576,0.062679,0.11479
-0.015784,-0.015093,0.14769
-0.013194,0.016568,0.089171
0.023739,0.038137,0.02203
0.064495,0.043932,0.043896
0.057775,0.049819,0.095118
0.011122,0.023291,0.057449
-0.015565,0.030748,-0.071206
-0.006419,0.084947,-0.1794
-0.0013857,0.087588,-0.16245
-0.0064499,0.057744,-0.019607
-0.0019826,0.073785,0.15415
-0.0089104,0.078738,0.26568
-0.035926,0.004419,0.24785
-0.039316,-0.057352,0.07299
0.00035717,-0.010748,-0.1124
0.050002,0.056165,-0.10031
0.075393,0.045817,0.038596
0.062431,0.020226,0.084642
0.018093,0.029528,0.028843
-0.024187,0.01813,-0.026122
-0.033689,-0.024703,-0.040808
-0.01768,-0.034852,-0.0027727
-0.00034303,-0.014235,0.042832
0.0047667,-0.032974,0.043571
-0.011091,-0.083515,0.034126
-0.033951,-0.11072,0.034798
-0.033509,-0.12047,0.021098
-0.025184,-0.11431,0.0061104
-0.036308,-0.088279,0.008491
-0.030354,-0.075508,0.0085367
0.016917,-0.05241,-0.0080134
0.053604,0.01222,-0.0043096
0.04037,0.078243,0.033098
-0.0041209,0.14457,0.031135
-0.035225,0.1962,-0.024034
-0.01063,0.1359,-0.060164
0.050039,-0.0069208,-0.085947
0.075755,-0.071024,-0.11587
0.059694,-0.018908,-0.086444
0.050433,0.09416,-0.017588
0.049589,0.22952,0.012008
0.024239,0.28277,0.015133
-0.01678,0.15625,0.010439
-0.038896,-0.015263,-0.021364
-0.037159,-0.042036,-0.044888
-0.02976,-0.0058885,-0.037451
-0.026611,-0.025408,-0.050315
-0.025187,-0.0093901,-0.092331
-0.021458,0.055437,-0.11176
-0.015095,0.056979,-0.092809
-0.0055238,0.033616,-0.057964
0.0033627,0.070316,-0.030977
-0.0014432,0.1124,-0.02463
-0.016797,0.097187,-0.033774
-0.020801,0.062433,-0.057631
-0.019232,0.050552,-0.10532
-0.028054,0.029444,-0.14977
-0.025492,-0.029997,-0.1233
-0.010512,-0.093705,-0.029492
-0.019031,-0.11694,0.0099351
-0.03597,-0.073198,-0.035811
-0.030965,0.014929,-0.016761
-0.029543,0.059186,0.089893
-0.03864,0.01464,0.094617
-0.024531,-0.048471,-0.031924
0.0076311,-0.051511,-0.092853
0.027727,-0.027181,-0.026968
0.033052,-0.04223,0.012997
0.02751,-0.061045,-0.0438
0.014087,-0.044728,-0.068902
0.013228,-0.043951,0.0081478
0.031466,-0.04764,0.038012
0.038875,0.014018,-0.079952
0.013334,0.10867,-0.19152
-0.024874,0.16783,-0.13427
-0.037721,0.17188,0.012055
-0.013797,0.11475,0.05975
0.016017,0.041748,-0.0178
0.017714,0.012011,-0.084832
-0.001199,-0.0085265,-0.064759
-0.016566,-0.051614,-0.0073208
-0.021025,-0.046715,0.014627
-0.011289,0.045465,-0.017285
-0.0011646,0.1328,-0.033512
-0.016183,0.11404,0.021626
-0.032647,0.019977,0.067921
-0.013887,-0.027498,0.037055
0.0092073,0.016156,0.0071962
0.0044383,0.072199,0.031862
0.0057131,0.085473,0.047887
0.031071,0.096347,0.018699
0.046142,0.15978,-0.02316
0.039252,0.26285,-0.034257
0.026814,0.27474,0.023764
0.016178,0.10057,0.11363
0.012686,-0.067356,0.11239
0.0045216,-0.011326,0.00035978
-0.019715,0.095783,-0.070506
-0.022979,0.019738,-0.0079437
0.022149,-0.1218,0.095364
0.077752,-0.17883,0.14224
0.09042,-0.20734,0.11966
0.044243,-0.20256,0.016551
-0.017059,-0.083489,-0.10078
-0.028526,0.037728,-0.07814
0.012745,-0.001524,0.042961
0.060592,-0.089722,0.048015
0.069129,-0.043128,-0.057755
0.024817,0.042909,-0.060627
-0.020777,0.023376,0.05981
-0.013228,-0.042242,0.11604
0.019847,-0.064243,0.043804
0.028682,-0.02653,-0.03176
0.017595,0.043518,-0.025359
0.0067827,0.094866,-0.013331
-0.014139,0.11814,-0.078535
-0.054381,0.12664,-0.15167
-0.079064,0.14911,-0.11719
-0.055121,0.24106,0.013735
-0.0091502,0.32782,0.11614
0.018876,0.24907,0.10047
0.010611,0.075814,0.018104
-0.043034,0.00034883,-0.01235
-0.11624,-0.05527,0.085308
-0.161,-0.17389,0.29366
-0.060224,0.13472,0.34762
0.31854,1.2588,-0.11444
0.6225,1.968,-0.77143
0.28443,0.65539,-0.67008
-0.21156,-1.2354,0.10714
-0.035801,-1.0124,0.26624
0.24081,0.25232,-0.23264
0.00060851,0.28971,-0.17194
-0.10143,0.039134,0.21409
0.052284,0.27328,0.029696
-0.066697,0.039668,-0.19603
-0.14358,-0.19203,-0.012669
0.036046,0.1317,0.087112
0.068997,0.17088,-0.015448
-0.030488,-0.093416,-0.11118
-0.046919,-0.094677,-0.1171
-0.0095608,0.04081,-0.0228
0.016053,0.12117,0.0028123
-0.026892,0.11753,-0.041127
-0.081065,0.03658,-0.016767
-0.058016,-0.028886,-0.0042505
-0.026762,-0.056326,-0.006733
-0.036613,-0.062985,0.026024
-0.033541,-0.062794,0.020369
-0.0022366,-0.077614,0.0031741
0.002592,-0.059603,-0.026033
-0.040925,0.025522,-0.13484
-0.078117,0.073188,-0.20241
-0.069349,-0.011199,-0.1249
-0.038974,-0.11579,-0.010492
-0.022329,-0.092138,0.04095
-0.026167,0.013216,0.037197
-0.042663,0.092173,0.016422
-0.054805,0.13138,0.0040153
-0.029434,0.13361,-0.0093168
0.022457,0.083103,-0.028549
0.041215,0.020677,-0.029574
0.02609,0.0030809,-0.018577
0.019782,0.0087964,-0.018246
0.016683,0.012139,-0.01016
0.0031315,0.045821,0.012524
-0.0027818,0.093813,0.016539
0.0017358,0.10088,-0.015063
0.0069026,0.090823,-0.064477
0.022072,0.10935,-0.071052
0.046018,0.15955,-0.0016924
0.052016,0.23431,0.043607
0.035103,0.2559,-0.011375
0.022269,0.1437,-0.068428
0.023637,0.030035,-0.033438
0.021786,0.068083,0.057065
0.0035818,0.13301,0.11055
-0.027386,0.094032,0.07125
-0.047478,0.053038,-0.010044
-0.027802,0.10934,-0.050706
0.0065985,0.24237,-0.041825
-0.011037,0.32209,-0.00073658
-0.064492,0.17917,0.0509
-0.065993,-0.060577,0.077371
-0.017839,-0.10959,0.06369
0.0080455,-0.029118,0.024802
0.017823,-0.0018979,-0.010212
0.045011,0.027212,-0.041135
0.04843,0.056832,-0.074894
0.0027313,0.0024982,-0.049387
-0.031806,-0.036502,0.059693
-0.020335,0.030159,0.15296
-0.0059079,0.11184,0.15085
-0.0055801,0.11335,0.07785
0.0042883,0.057101,0.015112
-0.00094094,0.03883,0.0042489
-0.047274,0.0653,-0.0097979
-0.085492,0.038533,-0.032311
-0.078371,-0.028219,0.024121
-0.049573,-0.041061,0.11617
-0.01587,-0.02148,0.10772
0.011746,-0.022684,0.025427
0.019753,-0.022327,-0.027126
0.021601,-0.019081,-0.052767
0.018336,-0.057925,-0.062837
-0.0036862,-0.14378,-0.027499
-0.027432,-0.2342,0.02348
-0.039425,-0.25346,0.034897
-0.042098,-0.13289,0.0094403
-0.022839,0.035676,-0.0076503
0.016631,0.07442,0.017179
0.040428,0.024027,0.0638
0.020562,0.040509,0.12086
-0.02207,0.084065,0.20075
-0.039964,0.044994,0.19762
-0.022305,-0.041874,0.018216
0.0025532,-0.07358,-0.15451
0.0050085,-0.0055494,-0.12611
-0.025024,0.086287,-0.01483
-0.052664,0.092273,0.01322
-0.038835,0.047085,0.003076
-0.0098239,0.045867,0.037486
-0.0018359,0.058106,0.088407
-0.0054426,0.023488,0.094844
-0.0081193,-0.010174,0.055147
-0.00043499,0.028701,0.022691
0.024112,0.12202,0.024851
0.045327,0.17647,0.038227
0.051811,0.13296,0.056452
0.048496,0.05954,0.079259
0.025838,0.063482,0.070056
-0.0067452,0.12685,0.036763
-0.013093,0.14346,0.047724
0.01466,0.067802,0.10477
0.029294,-0.032556,0.13063
-0.035028,-0.042635,0.081871
-0.13646,0.028748,0.0019443
-0.12244,0.044558,-0.031878
-0.0018807,-0.01034,-0.020982
0.033885,-0.043024,-0.029411
-0.027646,-0.082102,-0.050628
-0.037172,-0.16689,-0.054693
0.00022707,-0.17865,-0.069223
0.0038085,-0.038278,-0.077896
-0.012011,0.11372,-0.039201
-0.02147,0.12395,0.0087058
-0.02084,0.057885,0.0343
-0.00263,0.028135,0.048091
0.022921,0.023661,0.019207
0.038466,0.072304,-0.060452
0.030179,0.20989,-0.11751
0.0088134,0.27868,-0.11594
0.0073415,0.15892,-0.096438
0.021216,0.025608,-0.061582
0.021,0.045507,0.01162
0.0055022,0.098804,0.082325
-0.018937,0.065181,0.11509
-0.045521,0.015747,0.11877
-0.03656,-0.031106,0.086127
0.022369,-0.098648,0.039001
0.060144,-0.093665,0.017747
0.02007,-0.0077015,-0.0021316
-0.044384,0.041483,-0.024263
-0.069418,0.037367,-0.026749
-0.065566,0.039145,-0.071264
-0.051929,0.055408,-0.1519
-0.026138,0.058059,-0.12866
-0.00079516,0.039777,-0.01234
0.011162,0.033995,0.0245
0.012838,0.0487,-0.036952
0.0019331,0.047607,-0.067442
-0.0195,0.040871,-0.026417
-0.027937,0.064753,0.037456
-0.013532,0.078857,0.10045
-0.0024557,0.041931,0.14317
-0.007899,0.019495,0.11748
-0.0046991,0.055924,0.027897
0.013976,0.076897,-0.024835
0.010437,0.049221,0.01629
-0.031549,0.052976,0.055228
-0.06403,0.10173,0.010628
-0.051462,0.092882,-0.044085
-0.030233,0.016274,-0.039192
-0.02699,-0.011195,-0.005558
-0.01899,0.031737,0.013618
-0.0026225,0.061618,-0.013648
0.0099621,0.06575,-0.067572
0.021076,0.074686,-0.067794
0.026423,0.081908,-0.030516
0.023759,0.08552,-0.037348
0.015394,0.094132,-0.039546
-0.0026483,0.10874,0.028198
-0.016414,0.10277,0.076758
-0.015634,-0.0089533,0.035397
-0.032987,-0.2194,-0.0094129
-0.095021,-0.30236,0.018756
-0.16328,-0.1291,0.053434
-0.15263,0.06701,0.012241
-0.034411,0.070341,-0.050034
0.064754,0.023426,-0.045167
0.021704,0.090962,-0.0093637
-0.050341,0.16991,0.0055083
-0.013583,0.18352,0.031289
0.031183,0.23955,0.059233
-0.0056427,0.30607,0.034785
-0.035365,0.20255,-0.016019
-0.022269,0.015563,-0.038097
-0.023174,-0.015565,-0.047227
-0.03361,0.041667,-0.067103
-0.010859,0.027074,-0.06677
0.036213,0.033712,-0.033239
0.05095,0.11693,-0.00015427
-0.0021829,0.1557,0.035512
-0.10255,0.11346,0.080314
-0.19862,0.044058,0.085195
-0.2032,-0.006531,0.060149
-0.06058,-0.0074766,0.058154
0.097836,0.014019,0.047575
0.08985,0.04696,0.014126
-0.016987,0.15473,0.0080531
-0.048941,0.31069,0.029968
-0.029598,0.3301,0.055546
-0.033453,0.12608,0.064733
-0.030126,-0.064608,0.037143
-0.019493,-0.030466,0.0027742
-0.077856,-0.11541,-0.062076
-0.23519,-1.3612,-0.31032
-0.18033,-4.9905,-0.7276
0.87939,-9.7272,-0.75101
2.8568,-9.8833,0.39173
3.3126,-2.5527,2.2956
0.62781,4.4812,2.9337
-1.8734,3.268,1.1971
-0.90442,-1.3584,-1.0715
0.61442,-2.1436,-1.642
-0.055152,-0.5419,-0.64781
-0.35749,0.64853,0.67661
0.49038,1.1437,1.2172
0.26128,0.39031,0.30675
-0.35299,-0.55888,-0.85365
-0.06964,-0.32671,-0.55608
0.15407,0.29804,0.52208
0.056883,0.53504,0.7621
-0.00025442,0.26366,0.095541
-0.1312,-0.22944,-0.50983
-0.098892,-0.1722,-0.38608
0.10289,0.27984,0.15865
0.12771,0.33293,0.3332
0.034988,-0.020089,0.0085702
0.020798,-0.24091,-0.26806
0.09627,-0.10836,-0.13495
0.12035,0.09315,0.1654
0.035112,0.10921,0.21471
-0.021989,0.011899,0.0028941
-0.021188,-0.062285,-0.15249
-0.013022,-0.046781,-0.045601
0.026111,0.046205,0.16843
0.04438,0.1107,0.17909
-0.010549,0.076746,-0.012323
-0.048393,0.031116,-0.11986
-0.017925,0.065142,-0.018589
0.0088535,0.10597,0.1241
0.0053814,0.069132,0.10219
0.011978,0.0022541,-0.044297
0.029192,-0.02281,-0.088245
0.041046,-0.002073,0.014729
0.061876,0.021228,0.087679
0.081986,-0.00054796,0.049105
0.064279,-0.050365,-0.03985
0.025895,-0.043307,-0.11926
0.00061227,0.042771,-0.14754
-0.033721,0.1208,-0.12165
-0.073601,0.1211,-0.088138
-0.060607,0.061821,-0.068956
0.0079739,-0.00098265,-0.056271
0.059001,-0.026698,-0.054879
0.044711,-0.022503,-0.052209
-4.32E-05,-0.015343,-0.0342
-0.017732,0.0043975,-0.044064
-0.0045249,0.022843,-0.11371
0.012501,-0.031739,-0.18813
0.025738,-0.13446,-0.18794
0.028606,-0.13758,-0.089838
0.0030296,-0.006266,0.046605
-0.033528,0.1117,0.12071
-0.036991,0.10687,0.097655
-0.013627,0.040895,0.02196
0.00097767,0.026149,-0.061451
0.012752,0.070612,-0.1044
0.026367,0.10052,-0.070588
0.0082869,0.083562,-0.020159
-0.044936,0.053253,-0.03097
-0.082723,0.048985,-0.057436
-0.062671,0.066116,-0.019299
0.00082255,0.050894,0.055916
0.045296,-0.0043671,0.087516
0.036536,-0.017012,0.049006
0.0012695,0.04091,-0.027769
-0.027309,0.085352,-0.075869
-0.03499,0.069441,-0.059691
-0.01297,0.025881,-0.014382
0.026087,-0.022683,0.025932
0.055263,-0.050686,0.045064
0.062961,-0.016223,0.017759
0.050376,0.036955,-0.032031
0.013356,0.018641,-0.055202
-0.041401,-0.033266,-0.063476
-0.061422,-0.020105,-0.072209
-0.014512,0.039903,-0.057217
0.035871,0.086251,-0.027766
0.043577,0.11242,-0.01712
0.051895,0.090668,-0.014654
0.066152,0.0077748,0.0077037
0.042539,-0.040587,0.048009
0.003483,-0.0020145,0.064638
-0.0077419,0.0056127,0.002016
-0.008394,-0.11314,-0.10747
-0.019034,-0.26857,-0.13499
-0.023495,-0.29175,-0.044629
-0.0092107,-0.13489,0.051496
0.0032576,0.031147,0.078252
-0.017398,0.041337,0.059193
-0.050983,-0.0018949,0.017125
-0.039808,0.019843,-0.021166
0.0085973,0.0010042,0.0022414
0.021832,-0.086603,0.075577
-0.032023,-0.092031,0.096226
-0.1199,0.0095204,0.03332
-0.19333,0.09681,-0.023457
-0.19413,0.11144,-0.030252
-0.089435,0.095602,-0.036491
0.030395,0.091501,-0.052193
0.045835,0.076054,-0.042557
0.0082608,0.055676,-0.016718
0.014746,0.098485,-7.47E-05
0.015834,0.16308,0.006346
-0.027698,0.13298,0.0047834
-0.03555,0.044841,-0.0046068
0.027459,0.023749,-0.02496
0.086754,0.067335,-0.039827
0.079826,0.07618,-0.00029328
0.037841,0.011177,0.082338
0.019144,-0.059129,0.1132
0.025075,-0.047998,0.056698
0.037323,0.024344,-0.01483
0.045778,0.06943,-0.03722
0.03537,0.082029,-0.028738
0.026216,0.10237,-0.045906
0.04491,0.098635,-0.10299
0.06256,0.046595,-0.13667
0.055423,0.00049794,-0.070118
0.044751,-0.00030129,0.060249
0.042303,0.033823,0.13639
0.038031,0.087247,0.13605
0.022783,0.11966,0.097642
-0.00092344,0.072426,0.0030299
-0.010294,-0.037126,-0.10233
-0.0052729,-0.10905,-0.10151
-0.025064,-0.09243,-0.020984
-0.052668,-0.051024,0.013892
-0.025513,-0.058052,-0.0036915
0.025295,-0.076048,0.0041616
0.022279,-0.02376,0.047489
-0.020038,0.071483,0.060791
-0.046101,0.12442,0.0094794
-0.041854,0.13065,-0.03723
-0.018823,0.11782,-0.022601
-0.0019746,0.075248,-0.032584
-0.0082452,0.013225,-0.12284
-0.025298,-0.028518,-0.17891
-0.034851,-0.038696,-0.12971
-0.026005,-0.027013,-0.053322
-0.0065984,-0.0035692,-0.019047
-0.00036095,0.019313,-0.018788
-0.0019052,0.046698,-0.021811
0.015227,0.080252,-0.018203
0.045331,0.080035,-0.013808
0.05448,0.028753,0.010297
0.019702,-0.020091,0.047975
-0.037136,-0.0052504,0.053756
-0.062655,0.079282,0.034906
-0.039729,0.1422,0.022934
0.0041241,0.077243,0.023282
0.039156,-0.035607,0.047156
0.033611,-0.031026,0.059635
-0.016606,0.060724,0.0027117
-0.053303,0.11626,-0.0728
-0.040367,0.12308,-0.086604
-0.020576,0.10821,-0.062399
-0.025803,0.087396,-0.049237
-0.025489,0.074267,-0.048341
0.0074769,0.049033,-0.037929
0.042957,0.0092397,-0.0035197
0.028727,-0.022496,0.017101
-0.020149,-0.040438,-0.018936
-0.030217,-0.019794,-0.072941
-0.002817,0.033132,-0.0881
-0.0038736,0.04975,-0.045279
-0.018525,0.030719,0.054089
-0.0054249,0.040367,0.15007
-0.01251,0.086768,0.16632
-0.063813,0.12805,0.11167
-0.088267,0.11788,0.042816
-0.05146,0.052649,-0.0011135
0.0021047,-0.018509,-0.0066272
0.031223,-0.088142,-0.0019274
0.023871,-0.19748,-0.03308
-0.0018231,-0.30804,-0.10435
-0.0078376,-0.29484,-0.16132
0.006867,-0.14036,-0.14912
0.012081,-0.017417,-0.09509
0.0046764,-0.036067,-0.059401
-0.0082453,-0.072092,-0.030087
-0.027702,-0.026909,0.0094829
-0.028647,-0.0085911,0.010711
0.010708,-0.10914,-0.041672
0.051817,-0.2552,-0.091222
0.044556,-0.29683,-0.094701
0.0031807,-0.14043,-0.060295
-0.026345,0.088097,-0.026784
-0.031729,0.16293,-0.02447
-0.029193,0.10287,-0.045148
-0.029249,0.051764,-0.077765
-0.021693,-0.0038119,-0.12735
-0.00059835,-0.10513,-0.14962
0.010444,-0.22059,-0.094453
-0.0059454,-0.27644,-0.028363
-0.038453,-0.16203,-0.014666
-0.063815,0.058283,0.013123
-0.057729,0.15308,0.065238
-0.032686,0.097882,0.052214
-0.030349,0.023613,-0.0051444
-0.042545,-0.043898,-0.019549
-0.02507,-0.06708,0.010299
0.012522,-0.013322,0.053201
0.018876,-0.0052133,0.085231
0.0002737,-0.092844,0.070921
0.010358,-0.13026,0.0038579
0.030025,-0.055397,-0.066661
0.0019139,0.018193,-0.077277
-0.040064,0.015289,-0.02636
-0.042637,-0.016233,0.029191
-0.054943,0.0812,0.036595
-0.15952,0.7715,-0.053044
-0.27839,2.4328,-0.17791
-0.0372,3.4476,-0.058876
0.74487,0.64596,0.25715
1.2649,-4.3082,-0.008236
0.57468,-4.3268,-0.95986
-0.50679,0.68998,-1.0028
-0.41387,2.2256,0.50738
0.38686,-0.46747,1.4692
0.39222,-0.91864,0.50956
-0.17476,0.065815,-0.75398
-0.24568,-0.3253,-0.64634
0.068352,0.02179,0.29062
0.1141,0.7008,0.55356
-0.092063,0.027788,-0.12751
-0.17815,-0.39959,-0.62095
-0.084226,-0.044628,-0.41036
0.031217,0.23325,-0.039307
0.063616,0.40408,0.11236
-0.017584,0.25263,-0.02287
-0.10085,-0.11783,-0.20223
-0.068702,-0.15599,-0.051573
-0.014035,0.052144,0.19873
-0.036209,0.13086,0.13883
-0.083275,0.043651,-0.11599
-0.082362,0.025641,-0.25867
-0.032033,0.11432,-0.18952
-0.020825,0.12719,-0.027832
-0.11952,0.073296,0.051569
-0.23564,0.044939,0.019224
-0.20716,0.043562,-0.024716
-0.037613,0.059478,-0.017293
0.06891,0.056662,0.026034
-0.016936,0.0083396,0.059543
-0.1387,-0.045935,0.060677
-0.11312,-0.045706,0.073935
-0.018833,0.022575,0.10218
0.01755,0.087333,0.067978
0.019126,0.075989,-0.0097854
0.0097782,0.029771,-0.024098
-0.016242,0.038997,0.032267
-0.028898,0.10329,0.045834
-0.021364,0.13385,-0.028773
-0.0094233,0.081764,-0.060748
0.0052655,-0.0077687,0.015932
0.010184,-0.071583,0.072479
-0.0074502,-0.065089,0.068766
-0.026449,0.018629,0.074691
-0.019996,0.093453,0.034055
-0.010355,0.079196,-0.06517
-0.024109,0.028887,-0.047443
-0.023391,0.026366,0.11912
0.0041628,0.094828,0.20011
-0.0017544,0.22475,0.058007
-0.035431,0.30173,-0.13082
-0.036327,0.17472,-0.13384
-0.027284,-0.04128,0.0051633
-0.031049,-0.082991,0.086204
-0.0043612,0.01556,0.083598
0.023931,0.048663,0.072576
-0.00162,0.022862,0.037898
-0.019421,0.029208,-0.019602
0.0057317,0.0601,-0.047106
-0.0091968,0.092308,-0.041434
-0.061666,0.083337,-0.022101
-0.050918,0.0061315,-0.0045617
-0.0025075,-0.054969,-0.0016348
-0.015951,-0.037017,0.0021246
-0.063575,-0.0068642,0.010412
-0.06697,-0.022957,0.020379
-0.037776,-0.038702,0.051704
-0.025576,-0.01557,0.066512
-0.043465,-0.0098001,0.018323
-0.068432,-0.034106,-0.013977
-0.073152,-0.0079566,0.03318
-0.059645,0.048815,0.064554
-0.038847,0.036538,0.0044606
-0.0046285,-0.034605,-0.076364
0.029418,-0.12436,-0.10353
0.016392,-0.23267,-0.085224
-0.067585,-0.2669,-0.03865
-0.17018,-0.13882,0.0021717
-0.17941,0.011722,-0.031633
-0.068015,0.017059,-0.097007
0.02354,-0.045287,-0.071342
-0.0062329,-0.047125,2.05E-05
-0.046376,-0.041442,-0.011778
-0.018753,-0.11032,-0.062059
-0.015658,-0.22651,-0.049869
-0.050428,-0.26303,-0.0065283
-0.051327,-0.10801,0.0046282
-0.042403,0.089207,-0.00067439
-0.036931,0.1037,0.00043034
0.00057349,0.05013,-0.02549
0.025879,0.095901,-0.084937
0.0026506,0.1127,-0.10626
-0.020107,-0.017344,-0.039176
-0.021299,-0.20794,0.058035
-0.015867,-0.29017,0.08257
0.0028441,-0.14745,0.039335
0.027242,0.060395,0.016929
0.035937,0.04637,0.017852
0.017408,-0.11568,-0.0019283
-0.031301,-0.13077,-0.036748
-0.062376,0.010375,-0.073514
-0.024168,0.094758,-0.07762
0.045031,0.039425,-0.028885
0.090459,-0.049062,0.013982
0.10173,-0.063074,0.02625
0.074318,-0.043397,0.031049
0.029038,-0.067263,0.0086105
0.0044147,-0.094962,-0.023707
0.0070543,-0.078858,-0.016165
0.021292,-0.064165,-0.0067433
0.027131,-0.074948,-0.022004
0.011038,-0.079562,-0.0065268
-0.019053,-0.07979,0.0281
-0.03608,-0.074316,0.019754
-0.024691,-0.03449,-0.0076533
-0.016253,-0.010765,-0.0027499
-0.03638,-0.054521,0.031106
-0.052279,-0.068026,0.044679
-0.048608,0.017967,-0.019185
-0.053333,0.088389,-0.1151
-0.059399,0.043894,-0.11396
-0.033046,-0.051686,-0.0086645
0.018825,-0.083915,0.081358
0.045152,-0.031944,0.086529
0.013469,0.017093,0.016814
-0.032339,0.0069686,-0.072845
-0.029837,0.014581,-0.10459
0.0044377,0.14316,-0.055728
0.015244,0.32866,0.022081
0.00010164,0.34134,0.048826
-0.0078306,0.12579,-0.014676
-0.0018719,-0.026466,-0.07654
-0.0010117,0.059745,-0.027542
-0.012422,0.14155,0.060366
-0.030549,0.045454,0.061909
-0.053207,-0.041767,0.0049145
-0.065058,-0.0073894,-0.016658
-0.047958,0.015417,0.0066959
-0.021157,-0.014907,0.021019
-0.01716,-0.0089912,0.0094723
-0.040033,0.03465,0.0028876
-0.0688,0.051477,0.0061682
-0.080977,0.03155,0.0029131
-0.084541,0.014207,-0.0041855
-0.089862,0.0087322,-0.012266
-0.069156,-0.01343,0.00050957
-0.02525,-0.029852,0.054149
-0.010096,-0.0021579,0.077046
-0.022507,0.012429,0.019268
-0.0096401,-0.039614,-0.025739
0.032469,-0.081474,-0.026152
0.053923,-0.041807,-0.067208
0.038049,0.013041,-0.097987
0.027566,0.017018,-0.026756
0.036748,0.014699,0.02784
0.024466,0.035593,-0.030362
-0.0073161,0.040921,-0.061538
-0.011508,0.028074,0.029607
0.0079671,0.0253,0.12302
0.0083658,0.023577,0.12009
-0.019685,0.0080178,0.077673
-0.049094,-0.0098715,0.038118
-0.054888,-0.015651,-0.025938
-0.042242,0.0035182,-0.090036
-0.022769,0.05753,-0.096156
0.005534,0.10475,-0.055247
0.017707,0.076088,-0.013366
-0.011984,0.017262,-0.0058403
-0.03565,0.03768,-0.050163
-0.014806,0.08586,-0.095313
0.00086905,0.047474,-0.066231
-0.0086749,-0.019076,0.014764
-0.002138,-0.022435,0.063573
0.010944,-0.00069513,0.065069
-0.0032957,0.012757,0.069208
-0.029267,0.036569,0.082947
-0.05165,0.056166,0.075279
-0.078485,0.058994,0.064194
-0.089484,0.078072,0.074188
-0.058669,0.16248,0.065901
-0.017848,0.30354,0.0021437
-0.0077423,0.3473,-0.083814
-0.012552,0.17331,-0.12294
-0.014942,-0.033872,-0.07884
-0.030109,-0.06232,0.02765
-0.067785,0.047765,0.16403
-0.12451,0.72538,0.33272
-0.07024,2.9442,0.54386
0.38729,5.2782,0.81293
1.0698,3.04,0.99379
0.9814,-3.5162,0.47845
-0.16207,-5.4026,-0.74236
-0.86235,0.1128,-0.90636
-0.18351,3.2353,0.70785
0.52015,0.75256,1.5643
0.16748,-0.41723,0.31923
-0.35535,0.012029,-0.86462
-0.25081,-0.68844,-0.62207
0.088819,-0.22669,0.28786
0.15709,0.66215,0.78696
-0.057865,-0.23231,0.15559
-0.19388,-0.88395,-0.6875
0.00059456,-0.37276,-0.32754
0.25104,0.15796,0.56368
0.19452,0.39333,0.65596
-0.060746,0.10044,-0.045502
-0.16535,-0.39847,-0.58419
-0.052399,-0.32902,-0.26645
0.060828,0.12315,0.3298
0.056088,0.2557,0.3223
0.0023646,-0.041321,-0.11148
-0.016352,-0.22849,-0.34895
0.024683,-0.059798,-0.19198
0.082983,0.14808,0.085482
0.081171,0.16567,0.1131
0.0056729,0.054006,-0.080481
-0.061465,0.013074,-0.16586
-0.061426,0.12336,-0.033757
-0.031455,0.20345,0.11515
-0.019416,0.10107,0.12203
-0.035863,-0.073676,0.061814
-0.061658,-0.11293,0.0855
-0.050579,-0.0053458,0.20221
-0.0010461,0.077572,0.25468
0.034378,0.067276,0.13579
0.048779,0.052427,-0.03039
0.068821,0.076341,-0.053235
0.073294,0.088704,0.043892
0.036522,0.067333,0.088378
-0.0091706,0.026477,0.035084
-0.025969,-0.035054,-0.022605
-0.02117,-0.11562,-0.024495
-0.018397,-0.20807,0.0040499
-0.024581,-0.25378,0.00018527
-0.02512,-0.15486,-0.026118
-0.0039424,0.0074099,-0.0021461
0.031653,0.039503,0.032542
0.057455,-0.027891,-0.013366
0.05184,-0.052931,-0.085488
0.015292,-0.036251,-0.07643
-0.020673,0.0074799,-0.008098
-0.030438,0.069091,0.023694
-0.023504,0.061957,0.025944
-0.020398,0.0070567,0.073561
-0.023079,0.05022,0.11542
-0.015119,0.1855,0.063222
0.0039305,0.23129,-0.018739
0.010789,0.12291,-0.048477
0.0024809,0.0082391,-0.041009
0.0010818,-0.014743,-0.0071336
0.018061,-0.0094418,0.033233
0.041831,-0.010362,0.014085
0.058459,0.0082228,-0.05392
0.071551,0.022867,-0.075763
0.071947,0.012572,-0.045252
0.040467,0.014536,-0.046854
0.0024023,0.034488,-0.075824
-0.0061445,0.012706,-0.053931
0.007606,-0.050815,0.0099962
0.0168,-0.062091,0.047558
0.011035,0.0010908,0.030435
0.01546,0.05228,-0.030433
0.043946,0.063262,-0.075041
0.049369,0.064113,-0.028765
0.0053681,0.015499,0.074642
-0.034303,-0.093972,0.10828
-0.025707,-0.16054,0.038929
-0.0040178,-0.15167,-0.015184
-0.015072,-0.12165,0.015091
-0.031965,-0.044191,0.036049
-0.014802,0.047384,-0.011508
0.0063865,0.027136,-0.04607
0.0048331,-0.035832,-0.031973
0.012721,-0.018046,-0.03195
0.031946,-0.0032257,-0.054448
0.015747,-0.024274,-0.04859
-0.029739,0.011432,0.0065827
-0.049024,0.075795,0.086546
-0.041981,0.093302,0.12766
-0.047996,0.060011,0.092455
-0.054517,-0.0083814,0.023507
-0.029628,-0.055763,-0.016249
0.01184,-0.049399,0.0082323
0.039447,-0.075398,0.061012
0.033624,-0.18254,0.044828
-0.0095035,-0.22986,-0.036203
-0.050879,-0.095891,-0.082277
-0.046621,0.060217,-0.080367
-0.012408,0.040536,-0.054246
0.010215,-0.045933,0.017066
0.011028,-0.031448,0.10493
-0.00010226,0.026461,0.15997
-0.010596,0.041423,0.15501
-0.0032282,0.017637,0.049021
0.014719,-0.012177,-0.06322
0.011376,-0.0091599,-0.015877
-0.0036931,-0.011889,0.079269
0.0022831,-0.053427,0.045322
0.006554,-0.05325,0.0027055
-0.017792,-0.021291,0.047019
-0.047357,-0.05066,0.056306
-0.070184,-0.089415,0.0026891
-0.082568,-0.07419,-0.032819
-0.056846,-0.043506,-0.049627
-0.0066266,0.013589,-0.064668
0.025643,0.11253,-0.041843
0.0359,0.1702,0.030987
0.025295,0.14276,0.095258
-0.011506,0.082398,0.093331
-0.047719,0.023898,0.03943
-0.051962,-0.017581,-0.0056957
-0.030541,-0.019539,-0.0028833
-0.020314,-0.006785,0.014336
-0.043827,-0.015223,0.0038153
-0.066897,-0.028142,0.012602
-0.04389,-0.018746,0.063659
0.0043929,0.022836,0.063843
0.027721,0.068799,-0.015506
0.017568,0.015645,-0.059999
-0.012424,-0.17218,0.0023401
-0.038485,-0.2984,0.10309
-0.017055,-0.17757,0.14402
0.044363,0.038125,0.11034
0.066608,0.10015,0.043992
0.025046,0.049203,-0.02536
-0.0099158,0.028843,-0.067681
-0.0053897,0.018009,-0.050865
-0.0041162,-0.02295,0.0062418
-0.0063942,-0.06084,0.056857
0.025551,-0.067008,0.092244
0.054208,-0.017145,0.10659
0.026462,0.067673,0.064673
-0.021686,0.11733,-0.015606
-0.039241,0.11867,-0.05287
-0.026458,0.10374,-0.017002
-0.0059962,0.0764,0.035526
-0.0055861,-0.0019894,0.034303
-0.021707,-0.16296,-0.017064
-0.014638,-0.28276,-0.032711
0.021351,-0.17075,0.017442
0.049659,0.055311,0.041074
0.048918,0.11208,-0.012809
0.024992,0.068886,-0.065658
-0.012119,0.11844,-0.067114
-0.044012,0.14055,-0.06796
-0.041232,0.049475,-0.08604
-0.012379,0.0086881,-0.07921
-0.0056815,0.05758,-0.044562
-0.020692,0.069124,-0.015068
-0.0075878,0.0088888,-0.021434
0.032089,-0.047524,-0.061944
0.046964,-0.026517,-0.064985
0.02729,0.050059,0.003168
0.00075092,0.076397,0.055528
-0.027218,0.01886,0.026398
-0.045076,-0.039576,-0.051539
-0.024835,-0.047411,-0.11973
0.0085014,-0.040241,-0.13348
0.012213,-0.044811,-0.096676
0.011398,-0.03602,-0.05269
0.038307,0.018541,-0.021473
0.063308,0.080906,-0.0010579
0.056697,0.057791,0.019035
0.03982,-0.027632,0.042781
0.029924,-0.04736,0.049818
0.0037667,0.0021692,0.040338
-0.036236,0.025312,0.020184
-0.05523,0.0083718,-0.029935
-0.060914,-0.014378,-0.080416
-0.065286,-0.028371,-0.08494
-0.048309,-0.011232,-0.073707
-0.034449,0.020517,-0.07218
-0.055315,-0.0075083,-0.047246
-0.081552,-0.054284,0.0031284
-0.14679,0.15258,0.036131
-0.32418,0.69756,0.041724
-0.33721,0.6086,0.12755
0.29794,-1.3461,0.46811
1.1435,-3.6602,0.82729
0.85352,-2.8709,0.46514
-0.41918,0.28054,-0.48007
-0.7117,1.4862,-0.49998
0.14249,0.56547,0.62141
0.24231,0.025252,0.8145
-0.39184,-0.39291,-0.42821
-0.30921,-0.666,-0.84946
0.12777,0.10357,0.17092
0.070415,0.43493,0.63669
-0.10308,-0.25668,-0.066915
-0.10495,-0.32285,-0.54006
-0.028244,0.31874,-0.16973
0.12299,0.55404,0.32043
0.13163,0.20018,0.27413
-0.062948,-0.21139,-0.17285
-0.14571,-0.23931,-0.41187
-0.024711,-0.024032,-0.16817
0.081155,0.15174,0.17274
0.037048,0.16072,0.15916
-0.057006,-0.033252,-0.11167
-0.052936,-0.13139,-0.21326
0.021915,0.0099524,-0.014732
0.054277,0.11423,0.1882
0.024513,0.084862,0.13922
-0.0063556,0.039505,0.010928
0.0075979,0.017781,0.087781
0.03234,-0.041468,0.23896
0.0071993,-0.18438,0.17796
-0.046872,-0.27092,-0.010719
-0.058798,-0.1588,-0.078731
-0.012882,0.0066537,-0.010683
0.032069,0.036102,0.067468
0.012999,0.0086639,0.072632
-0.048913,0.038039,0.007352
-0.069881,0.056322,-0.036096
-0.024132,0.045827,-0.016556
0.028438,0.071456,-0.0017069
0.041124,0.080157,0.0054073
0.042057,0.038564,0.038722
0.060772,0.040226,0.04741
0.059982,0.1026,0.027591
0.010578,0.13207,0.027946
-0.045573,0.085957,0.0063316
-0.063646,0.012292,-0.055979
-0.055557,-0.02387,-0.07185
-0.047826,-0.0057055,-0.02226
-0.033484,0.027321,0.0099634
-0.012676,0.034975,-0.015516
-0.011799,0.028665,-0.059809
-0.019599,0.043824,-0.05206
-0.0071205,0.08074,0.023127
0.0051872,0.098334,0.071596
-0.0052815,0.06085,0.04629
-0.019771,-0.010019,0.027911
-0.013427,-0.053794,0.029263
0.019449,-0.042411,-0.018879
0.045009,-0.0011562,-0.097255
0.019886,0.023876,-0.14661
-0.023556,0.015372,-0.13746
-0.026279,-0.0018932,-0.050246
-0.0063495,-0.012203,0.045596
0.0099872,-0.014489,0.04813
0.040694,0.0068204,0.012304
0.063804,0.036181,0.036049
0.037277,0.023921,0.052489
-0.0091594,-0.02218,-0.017383
-0.020635,-0.036955,-0.087421
-0.0062341,-4.92E-05,-0.077701
-0.0033684,0.031751,-0.049748
0.0056899,-0.011258,-0.041838
0.05224,-0.11794,-0.027857
0.093516,-0.14669,-0.037037
0.069853,-0.0049961,-0.068513
0.0029665,0.12786,-0.032729
-0.041684,0.061991,0.062231
-0.034612,-0.057429,0.10751
-0.0001757,-0.040933,0.085031
0.0079026,0.040263,0.052519
-0.013249,0.083545,0.028698
0.0067012,0.08165,0.0050365
0.076843,0.017397,0.004728
0.12232,-0.079453,0.054359
0.11808,-0.10096,0.1004
0.074233,-0.013278,0.073635
0.0055806,0.065721,0.017959
-0.023588,0.030791,0.0063322
-0.0075594,-0.042507,0.01687
-0.019531,-0.035512,0.0061802
-0.048842,0.02857,-0.0097721
-0.036198,0.077208,-0.015913
0.0042301,0.10387,-0.037487
0.02935,0.12432,-0.061977
0.032734,0.13635,-0.033238
0.03031,0.12873,0.028897
0.017038,0.10135,0.047889
-0.0084981,0.083632,0.029035
-0.0043512,0.095943,0.027529
0.04107,0.1074,0.033202
0.076016,0.093279,0.005687
0.067009,0.08174,-0.048855
0.03302,0.088155,-0.092925
0.0097314,0.079248,-0.077192
0.0045359,0.035746,0.035598
0.0012325,-0.019449,0.19769
-0.0035663,-0.083937,0.29402
-0.0090442,-0.18192,0.26915
-0.0049392,-0.23792,0.17598
0.028607,-0.12016,0.085014
0.065229,0.079982,-0.001861
0.053819,0.12495,-0.078706
0.00060044,0.033492,-0.084986
-0.040728,0.0034008,-0.03524
-0.04515,0.054975,-0.0047461
-0.035162,0.1014,0.010371
-0.021177,0.1203,0.023997
-0.0010845,0.11087,0.014666
-0.0029609,0.094302,-0.00083606
-0.01782,0.09032,-0.02277
0.011299,0.066294,-0.080822
0.065521,0.034626,-0.13843
0.069558,0.070056,-0.13646
0.021153,0.18545,-0.085755
-0.015565,0.31277,-0.03591
-0.0061943,0.34187,-0.016228
0.028831,0.19312,-0.02308
0.06809,-0.020915,-0.025118
0.090976,-0.092143,-0.00036569
0.063386,-0.038882,0.020024
0.010316,-0.0088051,-0.00096256
-0.0094509,-0.00013236,-0.030412
-0.0083747,0.010031,-0.017032
-0.012703,-0.021685,0.016671
-0.012433,-0.058053,0.0158
-0.025288,-0.047417,-0.016786
-0.061168,-0.036359,-0.037627
-0.075068,-0.068172,-0.037294
-0.04698,-0.082917,-0.030332
-0.0099969,-0.0065609,-0.0056817
0.016298,0.10363,0.035
0.029369,0.13556,0.04697
0.015986,0.085503,0.02059
-0.01016,0.021549,0.012725
-0.0081632,-0.010228,0.04443
0.015278,0.0025951,0.057729
0.011422,0.051292,0.034939
-0.019552,0.10321,0.036461
-0.024536,0.1036,0.064924
0.0064984,0.043392,0.053537
0.027049,-0.01254,-0.010341
0.024643,-0.0074882,-0.083164
0.020821,0.05244,-0.13521
0.011414,0.10458,-0.17349
0.00023529,0.092951,-0.19742
0.0097216,0.039981,-0.1539
0.03114,-0.0038611,-0.049407
0.044849,-0.018293,0.011988
0.045816,-0.0014348,0.029683
0.043768,0.0036231,0.075443
0.076935,-0.045418,0.088765
0.1398,-0.090133,0.016831
0.1438,-0.061982,-0.05794
0.065081,0.010227,-0.089196
-0.00032304,0.077822,-0.086198
0.0015333,0.11085,-0.035735
0.024268,0.10142,0.023245
0.03295,0.13382,0.038527
0.030664,0.26075,0.047261
0.017435,0.32207,0.074089
0.019718,0.17352,0.063831
0.054147,-0.013157,0.012778
0.069875,0.00011081,-0.0039982
0.055226,0.12188,0.028391
0.057211,0.13339,0.055224
0.058364,0.082315,0.044277
0.028106,0.10968,-0.016357
0.0031123,0.15398,-0.11257
0.0095202,0.1162,-0.17059
0.025919,0.051262,-0.14002
0.027372,0.045261,-0.087544
0.01509,0.059495,-0.091836
0.0091583,0.0043941,-0.10268
0.014393,-0.073259,-0.065395
0.018846,-0.063131,-0.032766
0.016363,-0.0052375,-0.014972
0.010817,0.0034943,0.014189
0.0074343,-0.019049,-0.0017525
-0.0021998,-0.023224,-0.063269
-0.020528,-0.0044992,-0.079563
-0.014908,0.033176,-0.047629
0.028845,0.06999,-0.025356
0.049675,0.083879,-0.017145
-0.0042593,0.080846,-0.0030298
-0.073914,0.050744,0.023322
-0.081475,-0.013892,0.043291
-0.047276,-0.053957,0.031702
-0.010053,-0.028939,0.01232
0.026511,0.0040628,0.025955
0.028771,-0.0058964,0.041088
-0.016598,-0.018445,-0.023614
-0.054136,0.016756,-0.13635
-0.062506,0.071578,-0.11026
-0.068685,0.1021,0.089972
-0.082494,0.1492,0.19542
-0.12915,0.32169,0.047169
-0.19073,0.69949,-0.18761
-0.13205,1.158,-0.43153
0.021232,1.2743,-0.79078
-0.01074,0.7593,-1.0078
-0.1935,0.068573,-0.5852
-0.13787,-0.0060766,0.21577
0.082092,0.36961,0.55857
0.073539,0.29666,0.24222
-0.06905,-0.19688,-0.21378
-0.055666,-0.26332,-0.30575
0.046518,0.04379,0.036612
0.057963,0.077432,0.27105
-0.03091,-0.057104,0.021476
-0.080596,-0.028122,-0.19392
-0.012852,0.044077,-0.01625
0.05516,0.062111,0.14682
0.038101,0.047702,0.075032
-0.010765,-0.033698,-0.033406
-0.024577,-0.083913,-0.047857
0.017977,0.015325,0.018112
0.042672,0.11956,0.068034
-0.0057794,0.046095,0.049466
-0.040348,-0.1311,0.0013742
-0.019338,-0.25063,-0.052056
-0.043146,-0.23101,-0.061535
-0.14991,-0.063188,0.018403
-0.20361,0.094797,0.10156
-0.088579,0.078857,0.072869
0.075047,0.0075466,-0.053519
0.10417,0.043264,-0.15379
0.045651,0.13177,-0.12062
0.031447,0.21832,-0.017451
0.046658,0.31157,-0.017632
0.051693,0.31177,-0.10477
0.048653,0.15681,-0.11351
0.021161,0.013759,-0.061245
0.012905,0.020983,-0.052835
0.063968,0.044693,-0.04262
0.091401,-0.01632,-0.0029356
0.058489,-0.026398,-0.013373
0.03813,0.037853,-0.065365
0.033142,0.053653,-0.075277
0.0098725,0.055478,-0.040381
0.0043367,0.082927,-0.0053105
0.0011142,0.081206,0.013222
-0.064466,0.088608,0.0039551
-0.13194,0.10224,-0.041159
-0.10454,0.014659,-0.087834
-0.028713,-0.15249,-0.074778
0.011164,-0.27706,0.0010758
0.025192,-0.2782,0.04873
0.04639,-0.14261,0.016812
0.055382,0.0071506,-0.0087226
0.025248,0.049198,0.011293
-0.016126,0.064941,-0.016241
-0.017924,0.11617,-0.083962
0.012577,0.10178,-0.078028
0.022399,0.021887,-0.0083768
-0.0032257,-0.027505,0.026984
-0.031178,-0.044168,6.44E-05
-0.037824,-0.03152,-0.023181
-0.025439,0.014361,0.022796
-0.0057574,0.038774,0.072135
0.00036422,0.035821,0.031968
-0.01799,0.036347,-0.038216
-0.037461,0.011171,-0.06861
-0.029421,-0.067298,-0.087207
0.0044336,-0.16382,-0.073561
0.031485,-0.1735,0.0090617
0.013861,-0.024547,0.095513
-0.033655,0.11642,0.12952
-0.044617,0.045968,0.11829
-0.0021266,-0.072372,0.068698
0.035927,-0.013588,0.03546
0.034797,0.060573,0.079055
0.018494,-0.028484,0.13104
0.0093231,-0.12399,0.10323
0.0083758,-0.059018,0.038958
0.017313,0.089114,0.0091646
0.024592,0.15662,0.0015608
0.010491,0.097038,-0.015457
-0.014505,-0.001619,-0.034157
-0.029307,-0.046436,-0.047026
-0.031676,-0.0035984,-0.065696
-0.026713,0.09253,-0.06831
-0.038848,0.15026,-0.021623
-0.10107,0.10858,0.020418
-0.18227,0.0037727,-0.013796
-0.18257,-0.057025,-0.064632
-0.063871,-0.011219,-0.03785
0.054286,0.072408,0.03018
0.055067,0.1285,0.048712
0.014157,0.22023,0.022394
0.029135,0.36669,0.017462
0.041732,0.39541,0.025044
0.014333,0.1847,-0.0033918
0.0020945,-0.064608,-0.022525
0.012806,-0.090385,0.0096623
0.026428,0.040417,0.022297
0.035365,0.11674,-0.012075
0.011225,0.10834,-0.032083
-0.029318,0.080341,-0.034705
-0.026043,0.056596,-0.033458
0.0037238,0.047487,0.010334
-0.0030237,0.051192,0.073763
-0.025629,0.035647,0.087423
-0.010978,-0.0042783,0.063452
0.010827,-0.0023635,0.047745
-0.0046794,0.061231,0.027126
-0.028587,0.088828,-0.022918
-0.032431,0.054496,-0.049246
-0.037425,0.058608,0.0070605
-0.048265,0.10638,0.064751
-0.041835,0.10229,0.031124
-0.025118,0.052026,-0.029155
-0.013799,0.030014,-0.046484
0.0067025,0.028798,-0.033115
0.029333,0.012676,-0.0068617
0.023303,-0.0067683,-0.015973
0.0034827,-0.029536,-0.069295
-0.0023799,-0.05287,-0.077345
-0.0085381,-0.049421,-0.034579
-0.013113,-0.040151,-0.044976
0.01586,-0.038727,-0.11562
0.05213,-0.00066319,-0.14161
0.034823,0.054812,-0.067513
-0.015486,0.070506,0.054919
-0.026629,0.083155,0.13129
0.011858,0.13753,0.10553
0.040334,0.17999,0.01169
0.0070749,0.14747,-0.060939
-0.055721,0.063757,-0.078348
-0.068606,0.011348,-0.071234
-0.026492,0.035235,-0.047355
0.010347,0.078453,-0.016392
0.021821,0.064979,-0.025612
0.023804,0.033822,-0.051727
0.011567,0.065652,-0.023332
-0.01655,0.12607,-0.0012609
-0.029151,0.13408,-0.084111
-0.010758,0.089107,-0.17882
0.0084783,0.031921,-0.13525
0.0096954,0.00085188,0.0086509
0.0055405,0.018891,0.1126
-0.0067887,0.036294,0.12603
-0.030093,-0.026109,0.089608
-0.034706,-0.15259,0.045067
-0.016746,-0.20918,0.0042721
-0.012932,-0.078598,-0.021798
-0.027187,0.11554,-0.011986
-0.038734,0.11448,0.020053
-0.042832,-0.036206,0.01657
-0.026909,-0.075832,-0.033694
0.0062374,0.014785,-0.06296
0.023178,0.13665,-0.048393
0.031719,0.28142,-0.056268
0.070629,0.32484,-0.11226
0.12048,0.15713,-0.12912
0.12638,-0.018942,-0.03875
0.08918,3.96E-05,0.072
0.073237,0.0757,0.068578
0.098254,0.040206,-0.039629
0.086377,-0.015318,-0.10972
0.021836,0.032597,-0.038261
0.0056973,0.15899,0.093994
0.04096,0.23128,0.1259
0.033236,0.12837,0.059082
-0.004252,-0.0091854,-0.0068076
-0.011721,0.05942,-0.041272
0.0035946,0.19886,-0.0012072
0.033138,0.15437,0.12352
0.066739,0.0079959,0.18057
0.059883,-0.083277,0.069478
0.0061149,-0.090591,-0.058118
-0.029432,-0.0053988,-0.036603
0.004726,0.070426,0.040576
0.066813,0.023807,0.029004
0.081942,-0.037887,-0.007667
0.045268,0.01087,-0.014786
-0.011653,0.096602,-0.044161
-0.065603,0.098487,-0.058046
-0.060879,0.020291,-0.031661
0.0202,-0.045857,-0.018295
0.077566,-0.064971,0.0082184
0.045629,-0.065717,0.060077
-0.0045978,-0.033392,0.078938
-0.012129,0.039578,0.076216
-0.0033805,0.092387,0.083341
-0.0054398,0.084327,0.076429
-0.017966,0.026551,0.043959
-0.036593,-0.030034,-0.009233
-0.037107,-0.01008,-0.081451
-0.0083401,0.067458,-0.13195
0.0056438,0.099152,-0.10684
-0.017683,0.07029,-0.044065
-0.044211,0.038855,-0.063747
-0.064975,0.016675,-0.18262
-0.080329,-0.0103,-0.24119
-0.057517,-0.020086,-0.14231
-0.010673,0.024625,-0.0084809
0.005138,0.083039,0.039786
-0.0087312,0.072142,0.03305
-0.022325,0.018177,0.019433
-0.021924,-0.0092359,0.026977
0.0017923,-0.019441,0.054841
0.024684,-0.0011767,0.002709
0.018245,0.11536,-0.1312
0.0047817,0.298,-0.15172
0.0029073,0.35466,-0.015696
0.0061163,0.1823,0.10435
0.0071261,-0.015473,0.14435
-0.020329,-0.02694,0.14402
-0.070847,0.044955,0.10639
-0.083748,0.072859,0.090581
-0.044059,0.13164,0.17087
0.0055052,0.2451,0.23163
0.036993,0.32832,0.10742
0.040874,0.31451,-0.065515
0.018848,0.17104,-0.04759
-0.011631,0.026886,0.054744
-0.027314,0.052916,0.041098
-0.010149,0.11375,-0.0082711
0.021087,0.035048,-0.0024548
0.023401,-0.029358,-0.0014858
0.0010049,0.032064,-0.02056
-0.01473,0.054039,-0.041322
-0.029244,-0.019546,-0.054673
-0.043125,-0.036161,-0.022885
-0.029881,0.030458,0.013284
0.00228,0.049506,-0.037561
0.018705,-0.0043224,-0.13022
0.006981,-0.041206,-0.14147
-0.021492,-0.032111,-0.062486
-0.035845,-0.020678,0.027297
-0.012238,-0.043632,0.083191
0.02579,-0.081451,0.090995
0.040183,-0.051804,0.045264
0.031276,0.057464,-0.0046469
0.016618,0.1338,-0.011188
0.0019033,0.12182,-0.02162
-0.0010368,0.073162,-0.056643
0.014263,0.047315,-0.034032
0.016921,0.11721,0.041454
-0.0062513,0.27697,0.076012
-0.0072026,0.32988,0.094689
0.022373,0.16039,0.14855
0.019866,-0.0073823,0.15863
-0.013948,0.034978,0.060267
-0.017849,0.12715,-0.094236
0.0072992,0.11101,-0.20654
0.029967,0.1272,-0.18701
0.046875,0.23838,-0.044364
0.050101,0.26141,0.077979
0.04187,0.11088,0.086811
0.049219,-0.040969,0.041633
0.068307,-0.0056044,-0.01397
0.068536,0.12465,-0.0835
0.052661,0.12559,-0.088772
0.036532,0.023112,-0.01468
0.012109,-0.021298,-0.017409
-0.0058074,0.016213,-0.13063
0.012842,0.074002,-0.18074
0.02965,0.085107,-0.11888
-0.012168,0.050659,-0.067046
-0.073264,0.046258,-0.051497
-0.07297,0.070625,-0.016448
-0.018658,0.075319,0.0097937
0.010479,0.069408,-0.0091242
-0.0037316,0.040972,-0.036666
0.00073261,-0.032288,-0.056453
0.024198,-0.074799,-0.077124
-0.0019913,-0.027058,-0.072435
-0.052343,0.022602,-0.038319
-0.0433,0.019532,-0.015943
0.0045222,0.042228,-0.026599
0.031246,0.096002,-0.06739
0.036344,0.11167,-0.12744
0.021034,0.11114,-0.16635
-0.0078389,0.1322,-0.13462
-0.011715,0.14016,-0.039921
0.0125,0.097739,0.036918
0.028389,0.022975,0.035087
0.011374,-0.022841,-0.01485
-0.030024,-0.014824,-0.073172
-0.054474,-0.011642,-0.12654
-0.046881,-0.095331,-0.10666
-0.035475,-0.2515,0.019871
-0.027507,-0.29517,0.12709
-0.018061,-0.096833,0.12211
-0.014548,0.13165,0.095781
-0.007578,0.13838,0.10092
0.0062082,0.048517,0.063311
0.0045983,0.065135,0.0038439
-0.01545,0.11324,0.015431
-0.031856,0.088836,0.057355
-0.033619,0.032858,0.051122
-0.024176,-0.015303,0.021534
-0.0083437,-0.025816,-0.0025926
0.0067462,0.019381,-0.026987
0.010823,0.061821,-0.021762
-0.0031003,0.060133,0.026803
-0.027812,0.037702,0.068031
-0.042453,0.028122,0.080263
-0.037436,0.054783,0.098031
-0.025367,0.070056,0.11129
-0.026248,0.00023744,0.07152
-0.049609,-0.09019,-0.0017216
-0.066186,-0.061849,-0.039102
-0.039599,0.054139,-0.034369
-0.0026355,0.078791,-0.036275
-0.0014619,-0.0050619,-0.056194
-0.0086244,-0.015284,-0.080808
0.0036065,0.10922,-0.10843
0.0077566,0.2379,-0.10832
-0.0050041,0.2381,-0.05179
-0.00066953,0.073856,0.039967
0.030283,-0.095839,0.13794
0.053855,-0.059108,0.20311
0.053026,0.075556,0.21853
0.042525,0.063759,0.22921
0.025623,-0.036948,0.19274
0.0014023,-0.045638,0.01715
-0.01985,0.037254,-0.16096
-0.026549,0.088247,-0.14469
-0.002599,0.011863,-0.027981
0.033759,-0.10112,0.025842
0.031934,-0.079133,0.057776
0.0037579,0.0031879,0.10135
-0.0079642,-0.018476,0.084595
-0.020143,-0.067179,0.011198
-0.035132,-0.035948,-0.054028
-0.013982,0.0029591,-0.079907
0.023231,-0.0039465,-0.057229
0.035602,-0.0087054,-0.021322
0.038485,0.01419,-0.017275
0.041896,0.041888,-0.019536
0.032583,0.041828,0.0078821
0.021784,-0.0062975,0.03111
0.018704,-0.10132,0.0017404
0.0066086,-0.21301,-0.045139
-0.019025,-0.23948,-0.034039
-0.034292,-0.097005,0.013679
-0.016307,0.077635,0.028413
0.031897,0.091017,0.020286
0.075982,0.027284,0.026578
0.06804,0.047337,0.075574
0.0078659,0.085862,0.17647
-0.038168,0.062807,0.20744
-0.031596,0.033122,0.055942
-0.010549,0.035429,-0.12055
-0.0094033,0.077168,-0.12341
-0.020183,0.128,-0.03301
-0.033971,0.096489,0.010978
-0.043155,0.00042752,0.038476
-0.033668,-0.032146,0.061457
-0.012979,0.0097383,0.029871
-0.0051792,0.0022086,0.0095009
-0.0086312,-0.11885,0.060718
0.0019812,-0.21503,0.085434
0.019925,-0.124,0.031242
0.015445,0.013461,-0.01658
-0.00029834,-0.0078773,-0.036119
-0.011575,-0.048819,-0.077817
-0.026228,0.023705,-0.10857
-0.011318,0.055696,-0.067281
0.060534,0.01375,0.0073665
0.13834,0.012063,0.023187
0.16233,0.025175,-0.024636
0.11423,0.040995,-0.032236
0.029196,0.080031,0.026758
-0.00056437,0.059045,0.039722
0.044255,-0.012475,-0.021253
0.056041,-0.035179,-0.057867
0.00073781,-0.023161,-0.042008
-0.025349,-0.0063817,-0.027915
9.32E-05,0.025725,-0.038723
0.01656,0.042034,-0.049775
0.02424,0.031177,-0.039461
0.035071,0.015403,-0.019197
0.032248,-0.0046949,-0.013374
0.030866,-0.015621,-0.056015
0.034896,0.00044157,-0.13104
0.027214,0.030761,-0.11727
0.024706,0.04875,0.012513
0.025278,0.014316,0.084127
0.0060987,-0.063417,0.026725
-0.0052962,-0.096536,-0.017276
0.0048142,-0.050544,0.015631
-0.0020573,0.03311,0.041276
-0.025746,0.10407,0.027037
-0.036425,0.059145,0.00448
-0.035451,-0.12117,-0.017442
-0.02512,-0.2001,-0.013796
-0.0060235,-0.023789,0.04973
0.0051839,0.16275,0.13662
0.0073107,0.13683,0.15729
0.0096546,0.070485,0.06223
0.0076766,0.11646,-0.088509
0.0012087,0.12163,-0.18453
0.00047658,0.017522,-0.18684
0.007219,-0.049989,-0.10254
0.01668,-0.037981,0.033943
0.024844,-0.025856,0.1069
0.025435,-0.05092,0.057579
0.026994,-0.084348,-0.019727
0.039591,-0.047066,-0.05687
0.027952,0.054129,-0.064575
-0.025485,0.059916,-0.02056
-0.048583,-0.090108,0.066494
0.0012449,-0.23719,0.10423
0.052784,-0.22896,0.072039
0.050695,-0.078372,0.047152
0.03118,0.059887,0.027469
0.02936,0.045776,-0.04499
0.025673,-0.033107,-0.11511
0.00049855,-0.017196,-0.091108
-0.025233,0.017463,-0.0060927
-0.027163,-0.035774,0.032406
-0.018166,-0.075548,-0.018437
-0.019147,-0.023274,-0.085375
-0.016702,0.045324,-0.075134
0.010941,0.050891,-0.012691
0.042975,-0.007883,0.012396
0.038824,-0.07446,-0.0021448
0.012231,-0.095267,-0.00037215
0.018715,-0.072329,0.015394
0.059164,-0.038343,0.0069825
0.083073,-0.011951,-0.011992
0.071864,-0.007364,-0.0025862
0.027406,-0.039057,0.014207
-0.041905,-0.074693,-0.0082237
-0.079108,-0.059244,-0.060789
-0.043194,-0.0083244,-0.11361
0.015816,0.01704,-0.14832
0.026843,0.0090634,-0.13377
-0.015626,0.015495,-0.091498
-0.055263,0.06937,-0.099564
-0.048967,0.13166,-0.12818
-0.014711,0.12336,-0.07239
0.011291,0.051879,0.024255
0.013067,0.010472,0.036482
0.0027467,0.010795,-0.020957
0.0076811,-0.0086673,-0.067449
0.02127,-0.022955,-0.095493
0.024437,0.022885,-0.088446
0.033708,0.083104,-0.018809
0.051192,0.093241,0.046718
0.049135,0.070199,0.063234
0.024665,0.063666,0.083968
-0.0010386,0.088992,0.090721
-0.0032076,0.11119,0.03125
0.019121,0.089264,-0.021077
0.019012,0.054223,-0.0099711
-0.016804,0.055584,0.0088226
-0.02948,0.045884,0.0048794
-0.009958,-0.014225,-0.011358
-0.011741,-0.043864,-0.0332
-0.039759,-0.0037462,-0.037234
-0.05565,0.037597,-0.016056
-0.045315,0.059878,0.019926
-0.022552,0.081289,0.064764
-0.012055,0.078522,0.083776
-0.030303,0.065217,0.043258
-0.053401,0.084391,-0.022513
-0.028227,0.10879,-0.054098
0.042037,0.1002,-0.04628
0.071789,0.074052,-0.026552
0.018811,0.038152,-0.015357
-0.039216,0.024927,-0.027326
-0.031817,0.12562,-0.032435
0.00087289,0.30317,0.0078028
0.011643,0.34526,0.043534
0.022234,0.18661,0.023779
0.035884,0.039264,-0.0089316
0.024042,0.042131,-0.011023
0.0014393,0.074402,0.0039826
-0.0030734,0.051877,0.004784
0.0058559,0.03861,-0.019905
0.016367,0.019013,-0.045973
0.028267,-0.047661,-0.051984
0.04101,-0.066916,-0.041024
0.037536,0.028232,-0.0083833
0.0096322,0.1602,0.029368
-0.0087434,0.2138,0.017784
0.00034466,0.16987,-0.033593
-0.0026325,0.19767,-0.081027
-0.024346,0.46679,-0.19217
0.02251,0.62723,-0.34802
0.18997,-0.10918,-0.2298
0.3201,-1.498,0.25372
0.20933,-1.7124,0.5724
-0.010326,-0.13039,0.45516
-0.046473,1.0881,0.33284
0.026613,0.57409,0.19957
-0.032738,-0.21495,-0.29037
-0.12186,-0.19318,-0.49921
-0.04564,-0.021368,0.084608
0.077071,-0.1031,0.50887
0.071666,-0.17315,0.15805
-0.0024952,-0.082117,-0.22929
-0.032009,0.076331,-0.19075
-0.0092465,0.099865,-0.05129
0.030932,0.042146,-0.017631
0.046252,0.11365,-0.023997
0.029882,0.24722,-0.016082
0.020731,0.28199,-0.0026684
0.0090906,0.1632,-0.020304
-0.0221,-0.019302,-0.06301
-0.037576,-0.036269,-0.09092
-0.034213,0.072913,-0.10814
-0.018374,0.0608,-0.12915
0.01585,0.0077206,-0.13783
0.017924,0.064023,-0.11789
-0.016362,0.07749,-0.045874
-0.0010439,-0.025477,0.045013
0.052338,-0.082484,0.04472
0.040315,-0.04048,-0.038205
-0.028417,-0.017537,-0.091811
-0.047988,-0.063477,-0.078929
0.0095851,-0.081121,0.040365
0.066586,0.0022314,0.24131
0.057776,0.11097,0.28504
0.0099034,0.156,0.083952
-0.019949,0.14548,-0.092224
-0.034555,0.10174,-0.090274
-0.047181,0.044784,-0.05701
-0.034867,0.025218,-0.074307
-0.019403,0.051634,-0.0935
-0.039494,0.074016,-0.12259
-0.047827,0.05728,-0.15683
-0.0028699,0.021691,-0.13395
0.044049,0.024275,-0.081744
0.052445,0.059299,-0.064658
0.044766,0.04086,-0.040638
0.037713,-0.028928,0.0047598
0.025365,-0.047716,-0.0049964
0.015007,-0.0011464,-0.031537
0.01042,0.03803,0.0084378
-0.0037421,0.049962,0.022886
-0.02825,0.052276,-0.049512
-0.077087,0.052084,-0.093326
-0.17722,0.059589,-0.08553
-0.23783,0.057772,-0.10291
-0.13524,0.031915,-0.09696
0.025328,0.026577,-0.0047899
0.062327,0.049612,0.12422
0.01492,0.027675,0.22131
-0.020498,-0.07717,0.19748
-0.049833,-0.20816,0.024774
-0.048179,-0.22836,-0.10013
-0.0089076,-0.053278,-0.032963
-0.0037699,0.14537,0.054881
-0.021085,0.13271,0.036281
-0.010258,-0.00052104,0.0081326
-0.010319,-0.021374,-0.01693
-0.033398,0.043419,-0.079437
-0.029163,0.04124,-0.10041
0.004292,-0.0058041,-0.059092
0.033119,0.028877,-0.024956
0.039456,0.13555,-0.00018026
0.024442,0.16858,0.036538
0.013452,0.10356,0.077771
0.024374,0.072921,0.1455
0.049543,0.13079,0.25669
0.07823,0.23895,0.30959
0.077481,0.3466,0.17459
0.029672,0.33502,-0.035403
-0.0008866,0.16034,-0.082581
